{"All": 1064099.441390625, "1Y": 574316.47265625, "6M": 365270.185546875, "1M": -82342.1953125}